"country_code","country_name_en","country_name_fr","currency_code","currency_name_en","currency_name_fr"
"ABW","Aruba","Aruba","AWG","Aruban Florin","florin arubais"
"AFG","Afghanistan","Afghanistan (l')","AFN","Afghani","afghani"
"AGO","Angola","Angola (l')","AOA","Kwanza","kwanza"
"AIA","Anguilla","Anguilla","XCD","East Caribbean Dollar","dollar des Caraïbes orientales"
"ALA","Åland Islands (the)","Îles d'Åland (les)","EUR","Euro","euro"
"ALB","Albania","Albanie (l')","ALL","Lek","lek"
"AND","Andorra","Andorre (l')","EUR","Euro","euro"
"ARE","United Arab Emirates (the)","Émirats arabes unis (les)","AED","UAE Dirham","dirham des Émirats arabes unis"
"ARG","Argentina","Argentine (l')","ARS","Argentine Peso","peso argentin"
"ARM","Armenia","Arménie (l')","AMD","Armenian Dram","dram arménien"
"ASM","American Samoa","Samoa américaines (les)","USD","US Dollar","dollar américain"
"ATA","Antarctica","Antarctique (l')","NON",NA,NA
"ATF","French Southern Territories (the)","Terres australes françaises (les)","EUR","Euro","euro"
"ATG","Antigua and Barbuda","Antigua-et-Barbuda","XCD","East Caribbean Dollar","dollar des Caraïbes orientales"
"AUS","Australia","Australie (l')","AUD","Australian Dollar","dollar australien"
"AUT","Austria","Autriche (l')","EUR","Euro","euro"
"AZE","Azerbaijan","Azerbaïdjan (l')","AZN","Azerbaijanian Manat","manat azerbaïdjanais"
"BDI","Burundi","Burundi (le)","BIF","Burundi Franc","franc burundais"
"BEL","Belgium","Belgique (la)","EUR","Euro","euro"
"BEN","Benin","Bénin (le)","XOF","CFA Franc BCEAO","franc CFA BCEAO"
"BES","Bonaire, Sint Eustatius and Saba","Bonaire, Saint-Eustache et Saba","USD","US Dollar","dollar américain"
"BFA","Burkina Faso","Burkina Faso (le)","XOF","CFA Franc BCEAO","franc CFA BCEAO"
"BGD","Bangladesh","Bangladesh (le)","BDT","Taka","taka"
"BGR","Bulgaria","Bulgarie (la)","BGN","Bulgarian Lev","lev bulgare"
"BHR","Bahrain","Bahreïn","BHD","Bahraini Dinar","dinar bahreïnien"
"BHS","Bahamas (the)","Bahamas (les)","BSD","Bahamian Dollar","dollar bahaméen"
"BIH","Bosnia and Herzegovina","Bosnie-Herzégovine (la)","BAM","Convertible Mark","mark convertible"
"BLM","Saint Barthélemy","Saint-Barthélemy","EUR","Euro","euro"
"BLR","Belarus","Bélarus (le)","BYR","Belarussian Ruble","rouble biélorusse"
"BLZ","Belize","Belize (le)","BZD","Belize Dollar","dollar bélizien"
"BMU","Bermuda","Bermudes (les)","BMD","Bermudian Dollar","dollar bermudien"
"BOL","Plurinational State of Bolivia (the)","État plurinational de Bolivie (l')","BOB","Boliviano","boliviano"
"BOL","Plurinational State of Bolivia (the)","État plurinational de Bolivie (l')","BOV","Mvdol","mvdol"
"BRA","Brazil","Brésil (le)","BRL","Brazilian Real","réal brésilien"
"BRB","Barbados","Barbade (la)","BBD","Barbados Dollar","dollar barbadien"
"BRN","Brunei Darussalam","Brunéi Darussalam (le)","BND","Brunei Dollar","dollar de Brunei"
"BTN","Bhutan","Bhoutan (le)","BTN","Ngultrum","ngultrum"
"BTN","Bhutan","Bhoutan (le)","INR","Indian Rupee","roupie indienne"
"BVT","Bouvet Island","Île Bouvet (l')","NOK","Norwegian Krone","couronne norvégienne"
"BWA","Botswana","Botswana (le)","BWP","Pula","pula"
"CAF","Central African Republic (the)","République centrafricaine (la)","XAF","CFA Franc BEAC","franc CFA BEAC"
"CAN","Canada","Canada (le)","CAD","Canadian Dollar","dollar canadien"
"CCK","Cocos (Keeling) Islands (the)","Îles des Cocos (Keeling) (les)","AUD","Australian Dollar","dollar australien"
"CHE","Switzerland","Suisse (la)","CHE","WIR Euro","WIR euro"
"CHE","Switzerland","Suisse (la)","CHF","Swiss Franc","franc suisse"
"CHE","Switzerland","Suisse (la)","CHW","WIR Franc","WIR franc"
"CHL","Chile","Chili (le)","CLF","Unidad de Fomento","unité de compte chilienne"
"CHL","Chile","Chili (le)","CLP","Chilean Peso","peso chilien"
"CHN","China","Chine (la)","CNY","Yuan Renminbi","yuan renminbi"
"CIV","Côte d'Ivoire","Côte d'Ivoire (la)","XOF","CFA Franc BCEAO","franc CFA BCEAO"
"CMR","Cameroon","Cameroun (le)","XAF","CFA Franc BEAC","franc CFA BEAC"
"COD","Democratic Republic of the Congo (the)","République démocratique du Congo (la)","CDF","Congolese Franc","franc congolais"
"COG","Congo (the)","Congo (le)","XAF","CFA Franc BEAC","franc CFA BEAC"
"COK","Cook Islands (the)","Îles Cook (les)","NZD","New Zealand Dollar","dollar néo-zélandais"
"COL","Colombia","Colombie (la)","COP","Colombian Peso","peso colombien"
"COL","Colombia","Colombie (la)","COU","Unidad de Valor Real","unité de valeur réelle"
"COM","Comoros (the)","Comores (les)","KMF","Comoro Franc","franc comorien"
"CPV","Cabo Verde","Cabo Verde","CVE","Cabo Verde Escudo","escudo du Cap-Vert"
"CRI","Costa Rica","Costa Rica (le)","CRC","Costa Rican Colon","colón costaricien"
"CUB","Cuba","Cuba","CUC","Peso Convertible","peso convertible cubain"
"CUB","Cuba","Cuba","CUP","Cuban Peso","peso cubain"
"CUW","Curaçao","Curaçao","ANG","Netherlands Antillean Guilder","florin des Antilles néerlandaises"
"CXR","Christmas Island","Île Christmas (l')","AUD","Australian Dollar","dollar australien"
"CYM","Cayman Islands (the)","Îles Caïmanes (les)","KYD","Cayman Islands Dollar","dollar des îles Caïmans"
"CYP","Cyprus","Chypre","EUR","Euro","euro"
"CZE","Czechia","Tchéquie (la)","CZK","Czech Koruna","couronne tchèque"
"DEU","Germany","Allemagne (l')","EUR","Euro","euro"
"DJI","Djibouti","Djibouti","DJF","Djibouti Franc","franc djiboutien"
"DMA","Dominica","Dominique (la)","XCD","East Caribbean Dollar","dollar des Caraïbes orientales"
"DNK","Denmark","Danemark (le)","DKK","Danish Krone","couronne danoise"
"DOM","Dominican Republic (the)","République dominicaine (la)","DOP","Dominican Peso","peso dominicain"
"DZA","Algeria","Algérie (l')","DZD","Algerian Dinar","dinar algérien"
"ECU","Ecuador","Équateur (l')","USD","US Dollar","dollar américain"
"EGY","Egypt","Égypte (l')","EGP","Egyptian Pound","livre égyptienne"
"ERI","Eritrea","Érythrée (l')","ERN","Nakfa","nakfa"
"ESH","Western Sahara","Sahara occidental (le)","MAD","Moroccan Dirham","dirham marocain"
"ESP","Spain","Espagne (l')","EUR","Euro","euro"
"EST","Estonia","Estonie (l')","EUR","Euro","euro"
"ETH","Ethiopia","Éthiopie (l')","ETB","Ethiopian Birr","birr éthiopien"
"FIN","Finland","Finlande (la)","EUR","Euro","euro"
"FJI","Fiji","Fidji (les)","FJD","Fiji Dollar","dollar fidjien"
"FLK","Falkland Islands (Malvinas) (the)","Îles Falkland (Malvinas) (les)","FKP","Falkland Islands Pound","livre des Malouines"
"FRA","France","France (la)","EUR","Euro","euro"
"FRO","Faroe Islands (the)","Îles Féroé (les)","DKK","Danish Krone","couronne danoise"
"FSM","Federated States of Micronesia (the)","États fédérés de Micronésie (les)","USD","US Dollar","dollar américain"
"GAB","Gabon","Gabon (le)","XAF","CFA Franc BEAC","franc CFA BEAC"
"GBR","United Kingdom of Great Britain and Northern Ireland (the)","Royaume-Uni de Grande-Bretagne et d'Irlande du Nord (le)","GBP","Pound Sterling","livre sterling"
"GEO","Georgia","Géorgie (la)","GEL","Lari","lari"
"GGY","Guernsey","Guernesey","GBP","Pound Sterling","livre sterling"
"GHA","Ghana","Ghana (le)","GHS","Ghana Cedi","cedi ghanéen"
"GIB","Gibraltar","Gibraltar","GIP","Gibraltar Pound","livre de Gibraltar"
"GIN","Guinea","Guinée (la)","GNF","Guinea Franc","franc guinéen"
"GLP","Guadeloupe","Guadeloupe","EUR","Euro","euro"
"GMB","Gambia (the)","Gambie (la)","GMD","Dalasi","dalasi"
"GNB","Guinea-Bissau","Guinée-Bissau (la)","XOF","CFA Franc BCEAO","franc CFA BCEAO"
"GNQ","Equatorial Guinea","Guinée équatoriale (la)","XAF","CFA Franc BEAC","franc CFA BEAC"
"GRC","Greece","Grèce (la)","EUR","Euro","euro"
"GRD","Grenada","Grenade (la)","XCD","East Caribbean Dollar","dollar des Caraïbes orientales"
"GRL","Greenland","Groenland","DKK","Danish Krone","couronne danoise"
"GTM","Guatemala","Guatemala (le)","GTQ","Quetzal","quetzal"
"GUF","French Guiana","Guyane française (la)","EUR","Euro","euro"
"GUM","Guam","Guam","USD","US Dollar","dollar américain"
"GUY","Guyana","Guyana (le)","GYD","Guyana Dollar","dollar guyanais"
"HKG","China, Hong Kong SAR","Chine - RAS de Hong-Kong","HKD","Hong Kong Dollar","dollar de Hong Kong"
"HMD","Heard Island and McDonald Islands","Île Heard (l') et Îles McDonald (et les)","AUD","Australian Dollar","dollar australien"
"HND","Honduras","Honduras (le)","HNL","Lempira","lempira"
"HRV","Croatia","Croatie (la)","HRK","Kuna","kuna"
"HTI","Haiti","Haïti","HTG","Gourde","gourde"
"HTI","Haiti","Haïti","USD","US Dollar","dollar américain"
"HUN","Hungary","Hongrie (la)","HUF","Forint","forint"
"IDN","Indonesia","Indonésie (l')","IDR","Rupiah","roupie indonésienne"
"IMN","Isle of Man (the)","Île de Man (l')","GBP","Pound Sterling","livre sterling"
"IND","India","Inde (l')","INR","Indian Rupee","roupie indienne"
"IOT","British Indian Ocean Territory (the)","Territoire britannique de l'océan Indien (le)","USD","US Dollar","dollar américain"
"IRL","Ireland","Irlande (l')","EUR","Euro","euro"
"IRN","Islamic Republic of Iran (the)","République islamique d'Iran (la)","IRR","Iranian Rial","rial iranien"
"IRQ","Iraq","Iraq (l')","IQD","Iraqi Dinar","dinar irakien"
"ISL","Iceland","Islande (l')","ISK","Iceland Krona","couronne islandaise"
"ISR","Israel","Israël","ILS","New Israeli Sheqel","nouveau shekel israélien"
"ITA","Italy","Italie (l')","EUR","Euro","euro"
"JAM","Jamaica","Jamaïque (la)","JMD","Jamaican Dollar","dollar jamaïcain"
"JEY","Jersey","Jersey","GBP","Pound Sterling","livre sterling"
"JOR","Jordan","Jordanie (la)","JOD","Jordanian Dinar","dinar jordanien"
"JPN","Japan","Japon (le)","JPY","Yen","yen"
"KAZ","Kazakhstan","Kazakhstan (le)","KZT","Tenge","tenge"
"KEN","Kenya","Kenya (le)","KES","Kenyan Shilling","shilling kényan"
"KGZ","Kyrgyzstan","Kirghizistan (le)","KGS","Som","som kirghize"
"KHM","Cambodia","Cambodge (le)","KHR","Riel","riel"
"KIR","Kiribati","Kiribati","AUD","Australian Dollar","dollar australien"
"KNA","Saint Kitts and Nevis","Saint-Kitts-et-Nevis","XCD","East Caribbean Dollar","dollar des Caraïbes orientales"
"KOR","Republic of Korea (the)","République de Corée (la)","KRW","Won","won sud-coréen"
"KWT","Kuwait","Koweït (le)","KWD","Kuwaiti Dinar","dinar koweïtien"
"LAO","Lao People's Democratic Republic (the)","République démocratique populaire lao (la)","LAK","Kip","kip"
"LBN","Lebanon","Liban (le)","LBP","Lebanese Pound","livre libanaise"
"LBR","Liberia","Libéria (le)","LRD","Liberian Dollar","dollar libérien"
"LBY","Libya","Libye (la)","LYD","Libyan Dinar","dinar libyen"
"LCA","Saint Lucia","Sainte-Lucie","XCD","East Caribbean Dollar","dollar des Caraïbes orientales"
"LIE","Liechtenstein","Liechtenstein (le)","CHF","Swiss Franc","franc suisse"
"LKA","Sri Lanka","Sri Lanka","LKR","Sri Lanka Rupee","roupie srilankaise"
"LSO","Lesotho","Lesotho (le)","LSL","Loti","loti"
"LSO","Lesotho","Lesotho (le)","ZAR","Rand","rand"
"LTU","Lithuania","Lituanie (la)","EUR","Euro","euro"
"LUX","Luxembourg","Luxembourg (le)","EUR","Euro","euro"
"LVA","Latvia","Lettonie (la)","EUR","Euro","euro"
"MAC","China, Macao SAR","Chine - RAS de Macao","MOP","Pataca","pataca"
"MAF","Saint Martin (French part)","Saint-Martin (partie française)","EUR","Euro","euro"
"MAR","Morocco","Maroc (le)","MAD","Moroccan Dirham","dirham marocain"
"MCO","Monaco","Monaco","EUR","Euro","euro"
"MDA","Republic of Moldova (the)","République de Moldova (la)","MDL","Moldovan Leu","leu moldave"
"MDG","Madagascar","Madagascar","MGA","Malagasy Ariary","ariary"
"MDV","Maldives","Maldives (les)","MVR","Rufiyaa","rufiyaa"
"MEX","Mexico","Mexique (le)","MXN","Mexican Peso","peso mexicain"
"MEX","Mexico","Mexique (le)","MXV","Mexican Unidad de Inversion (UDI)","unité d’investissement mexicaine"
"MHL","Marshall Islands (the)","Îles Marshall (les)","USD","US Dollar","dollar américain"
"MKD","North Macedonia","Macédoine du Nord (la)","MKD","Denar","denar"
"MLI","Mali","Mali (le)","XOF","CFA Franc BCEAO","franc CFA BCEAO"
"MLT","Malta","Malte","EUR","Euro","euro"
"MMR","Myanmar","Myanmar (le)","MMK","Kyat","kyat"
"MNE","Montenegro","Monténégro (le)","EUR","Euro","euro"
"MNG","Mongolia","Mongolie (la)","MNT","Tugrik","tugrik"
"MNP","Northern Mariana Islands (the)","Îles Mariannes du Nord (les)","USD","US Dollar","dollar américain"
"MOZ","Mozambique","Mozambique (le)","MZN","Mozambique Metical","metical"
"MRT","Mauritania","Mauritanie (la)","MRU","Ouguiya","ouguiya"
"MSR","Montserrat","Montserrat","XCD","East Caribbean Dollar","dollar des Caraïbes orientales"
"MTQ","Martinique","Martinique (la)","EUR","Euro","euro"
"MUS","Mauritius","Maurice","MUR","Mauritius Rupee","roupie mauricienne"
"MWI","Malawi","Malawi (le)","MWK","Kwacha","kwacha"
"MYS","Malaysia","Malaisie (la)","MYR","Malaysian Ringgit","ringgit malaisien"
"MYT","Mayotte","Mayotte","EUR","Euro","euro"
"NAM","Namibia","Namibie (la)","NAD","Namibia Dollar","dollar namibien"
"NAM","Namibia","Namibie (la)","ZAR","Rand","rand"
"NCL","New Caledonia","Nouvelle-Calédonie (la)","XPF","CFP Franc","franc CFP"
"NER","Niger (the)","Niger (le)","XOF","CFA Franc BCEAO","franc CFA BCEAO"
"NFK","Norfolk Island","Île Norfolk (l')","AUD","Australian Dollar","dollar australien"
"NGA","Nigeria","Nigéria (le)","NGN","Naira","naira"
"NIC","Nicaragua","Nicaragua (le)","NIO","Cordoba Oro","córdoba oro"
"NIU","Niue","Nioué","NZD","New Zealand Dollar","dollar néo-zélandais"
"NLD","Netherlands (the)","Pays-Bas (les)","EUR","Euro","euro"
"NOR","Norway","Norvège (la)","NOK","Norwegian Krone","couronne norvégienne"
"NPL","Nepal","Népal (le)","NPR","Nepalese Rupee","roupie népalaise"
"NRU","Nauru","Nauru","AUD","Australian Dollar","dollar australien"
"NZL","New Zealand","Nouvelle-Zélande (la)","NZD","New Zealand Dollar","dollar néo-zélandais"
"OMN","Oman","Oman","OMR","Rial Omani","rial omanais"
"PAK","Pakistan","Pakistan (le)","PKR","Pakistan Rupee","roupie pakistanaise"
"PAN","Panama","Panama (le)","PAB","Balboa","balboa"
"PAN","Panama","Panama (le)","USD","US Dollar","dollar américain"
"PCN","Pitcairn","Pitcairn","NZD","New Zealand Dollar","dollar néo-zélandais"
"PER","Peru","Pérou (le)","PEN","Nuevo Sol","sol péruvien"
"PHL","Philippines (the)","Philippines (les)","PHP","Philippine Peso","peso philippin"
"PLW","Palau","Palaos (les)","USD","US Dollar","dollar américain"
"PNG","Papua New Guinea","Papouasie-Nouvelle-Guinée (la)","PGK","Kina","kina"
"POL","Poland","Pologne (la)","PLN","Zloty","złoty"
"PRI","Puerto Rico","Porto Rico","USD","US Dollar","dollar américain"
"PRK","Democratic People's Republic of Korea (the)","République populaire démocratique de Corée (la)","KPW","North Korean Won","won nord-coréen"
"PRT","Portugal","Portugal (le)","EUR","Euro","euro"
"PRY","Paraguay","Paraguay (le)","PYG","Guarani","guarani"
"PSE","Palestine","Palestine","Non",NA,NA
"PYF","French Polynesia","Polynésie française (la)","XPF","CFP Franc","franc CFP"
"QAT","Qatar","Qatar (le)","QAR","Qatari Rial","rial qatari"
"REU","Réunion","Réunion (la)","EUR","Euro","euro"
"ROU","Romania","Roumanie (la)","RON","Romanian Leu","leu roumain"
"RUS","Russian Federation (the)","Fédération de Russie (la)","RUB","Russian Ruble","rouble russe"
"RWA","Rwanda","Rwanda (le)","RWF","Rwanda Franc","franc rwandais"
"SAU","Saudi Arabia","Arabie saoudite (l')","SAR","Saudi Riyal","riyal saoudien"
"SDN","Sudan (the)","Soudan (le)","SDG","Sudanese Pound","livre soudanaise"
"SEN","Senegal","Sénégal (le)","XOF","CFA Franc BCEAO","franc CFA BCEAO"
"SGP","Singapore","Singapour","SGD","Singapore Dollar","dollar de Singapour"
"SGS","South Georgia and the South Sandwich Islands","Géorgie du Sud-et-Îles Sandwich du Sud","NON",NA,NA
"SHN","Ascension, Saint Helena and Tristan da Cunha","Ascension, Sainte-Hélène et Tristan da Cunha","SHP","Saint Helena Pound","livre de Sainte-Hélène"
"SJM","Svalbard and Jan Mayen Islands (the)","Îles Svalbard-et-Jan Mayen (les)","NOK","Norwegian Krone","couronne norvégienne"
"SLB","Solomon Islands","Îles Salomon (les)","SBD","Solomon Islands Dollar","dollar des îles Salomon"
"SLE","Sierra Leone","Sierra Leone (la)","SLL","Leone","leone"
"SLV","El Salvador","El Salvador","SVC","El Salvador Colon","colón salvadorien"
"SLV","El Salvador","El Salvador","USD","US Dollar","dollar américain"
"SMR","San Marino","Saint-Marin","EUR","Euro","euro"
"SOM","Somalia","Somalie (la)","SOS","Somali Shilling","shilling somalien"
"SPM","Saint Pierre and Miquelon","Saint-Pierre-et-Miquelon","EUR","Euro","euro"
"SRB","Serbia","Serbie (la)","RSD","Serbian Dinar","dinar serbe"
"SSD","South Sudan","Soudan du Sud (le)","SSP","South Sudanese Pound","livre sud-soudanaise"
"STP","Sao Tome and Principe","Sao Tomé-et-Principe","STN","Dobra","dobra"
"SUR","Suriname","Suriname (le)","SRD","Surinam Dollar","dollar surinamien"
"SVK","Slovakia","Slovaquie (la)","EUR","Euro","euro"
"SVN","Slovenia","Slovénie (la)","EUR","Euro","euro"
"SWE","Sweden","Suède (la)","SEK","Swedish Krona","couronne suédoise"
"SWZ","Eswatini","Eswatini (l')","SZL","Lilangeni","lilangeni"
"SXM","Sint Maarten (Dutch part)","Sint Maarten (partie néerlandaise)","ANG","Netherlands Antillean Guilder","florin des Antilles néerlandaises"
"SYC","Seychelles","Seychelles (les)","SCR","Seychelles Rupee","roupie seychelloise"
"SYR","Syrian Arab Republic (the)","République arabe syrienne (la)","SYP","Syrian Pound","livre syrienne"
"TCA","Turks and Caicos Islands (the)","Îles Turques-et-Caïques (les)","USD","US Dollar","dollar américain"
"TCD","Chad","Tchad (le)","XAF","CFA Franc BEAC","franc CFA BEAC"
"TGO","Togo","Togo (le)","XOF","CFA Franc BCEAO","franc CFA BCEAO"
"THA","Thailand","Thaïlande (la)","THB","Baht","baht"
"TJK","Tajikistan","Tadjikistan (le)","TJS","Somoni","somoni"
"TKL","Tokelau","Tokélaou (les)","NZD","New Zealand Dollar","dollar néo-zélandais"
"TKM","Turkmenistan","Turkménistan (le)","TMT","Turkmenistan New Manat","manat turkmène"
"TLS","Timor-Leste","Timor-Leste (le)","USD","US Dollar","dollar américain"
"TON","Tonga","Tonga (les)","TOP",NA,NA
"TTO","Trinidad and Tobago","Trinité-et-Tobago (la)","TTD","Trinidad and Tobago Dollar","dollar de Trinité-et-Tobago"
"TUN","Tunisia","Tunisie (la)","TND","Tunisian Dinar","dinar tunisien"
"TUR","Türkiye","Türkiye (la)","TRY","Turkish Lira","livre turque"
"TUV","Tuvalu","Tuvalu (les)","AUD","Australian Dollar","dollar australien"
"TWN","Taiwan Province of China","Province chinoise de Taïwan (la)","TWD","New Taiwan Dollar","nouveau dollar taïwanais"
"TZA","United Republic of Tanzania (the)","République-Unie de Tanzanie (la)","TZS","Tanzanian Shilling","shilling tanzanien"
"UGA","Uganda","Ouganda (l')","UGX","Uganda Shilling","shilling ougandais"
"UKR","Ukraine","Ukraine (l')","UAH","Hryvnia","hryvnia"
"UMI","United States Minor Outlying Islands (the)","Îles mineures éloignées des États-Unis (les)","USD","US Dollar","dollar américain"
"URY","Uruguay","Uruguay (l')","UYI","Uruguay Peso en Unidades Indexadas","peso uruguayen indexé"
"URY","Uruguay","Uruguay (l')","UYU","Peso Uruguayo","peso uruguayen"
"USA","United States of America (the)","États-Unis d'Amérique (les)","USD","US Dollar","dollar américain"
"USA","United States of America (the)","États-Unis d'Amérique (les)","USN","US Dollar (Next day)","dollar américain (lendemain)"
"UZB","Uzbekistan","Ouzbékistan (l')","UZS","Uzbekistan Sum","sum ouzbek"
"VAT","Holy See (the)","Saint-Siège (le)","EUR","Euro","euro"
"VCT","Saint Vincent and the Grenadines","Saint-Vincent-et-les Grenadines","XCD","East Caribbean Dollar","dollar des Caraïbes orientales"
"VEN","Bolivarian Republic of Venezuela (the)","République bolivarienne du Venezuela (la)","VEF","Bolivar","bolivar"
"VGB","British Virgin Islands (the)","Îles Vierges britanniques (les)","USD","US Dollar","dollar américain"
"VIR","United States Virgin Islands (the)","Îles Vierges américaines (les)","USD","US Dollar","dollar américain"
"VNM","Viet Nam","Viet Nam (le)","VND","Dong","dong"
"VUT","Vanuatu","Vanuatu (le)","VUV","Vatu","vatu"
"WLF","Wallis and Futuna Islands (the)","Îles Wallis-et-Futuna (les)","XPF","CFP Franc","franc CFP"
"WSM","Samoa","Samoa (le)","WST","Tala","tala"
"YEM","Yemen","Yémen (le)","YER","Yemeni Rial","rial yéménite"
"ZAF","South Africa","Afrique du Sud (l')","ZAR","Rand","rand"
"ZMB","Zambia","Zambie (la)","ZMW","Zambian Kwacha","kwacha zambien"
"ZWE","Zimbabwe","Zimbabwe (le)","ZWL","Zimbabwe Dollar","dollar zimbabwéen"
